label,split,method,accuracy,balanced_accuracy,f1_score_macro
coarse,val,RNA PCA,0.979757085020243,0.915861134873111,0.9402221370013244
coarse,val,ATAC LSI no depth,0.9568151147098516,0.8196876753405631,0.8395879839428935
coarse,val,RNA and ATAC,0.979757085020243,0.915861134873111,0.9402221370013244
coarse,test,RNA PCA,0.9716981132075472,0.9080080386627692,0.9231270502319393
coarse,test,ATAC LSI no depth,0.9622641509433962,0.8740868753608553,0.8829565703526617
coarse,test,RNA and ATAC,0.9716981132075472,0.9080080386627692,0.9231270502319393
fine,val,RNA PCA,0.8547486033519553,0.6765275248667882,0.7081127546062027
fine,val,ATAC LSI no depth,0.7416201117318436,0.5047417336329302,0.5152504669579645
fine,val,RNA and ATAC,0.8533519553072626,0.6780459594838143,0.7048295243215286
fine,test,RNA PCA,0.8214783821478382,0.667321056209003,0.6907688559510555
fine,test,ATAC LSI no depth,0.7336122733612274,0.4931304540256173,0.515065402755707
fine,test,RNA and ATAC,0.8214783821478382,0.666793741526977,0.68706637308496
